Filename,Title,GameID,Region,FMID
18WHDATA.SYS,18 Wheeler: Pro American Trucker,MK-5106450,Europe,MK51064
18WHDATA.SYS,18 Wheeler: Pro American Trucker,HDR-0080  ,Japan,MK51064
18WHDATA.SYS,18 Wheeler: Pro American Trucker,MK-51064  ,USA,MK51064
4WHLTHNDR_BK,4 Wheel Thunder,T-9706D-50,Europe,
4WHLTHNDR_BK,4 Wheel Thunder,T-9708N   ,USA,
4X4__EVO.P??,4x4 Evolution,T41903N   ,USA,
AEROWING.SYS,Aero Wings,T40202D 50,Europe,T6803M
AEROWING.SYS,Aero Wings,T40201N   ,USA,T6803M
AEROWIN2.???,Aero Wings 2: Air Strike,T40209D 50,Europe,T40209D
AEROWIN2.???,Aero Wings 2: Air Strike,T40210N   ,USA,T40209D
AIRFORCE.???,Air Force Delta,T9502M    ,Japan,T9502M
AIRFORCE.???,Air Force Delta,T9501N    ,USA,T9502M
_ALONE4_.???,Alone in the Dark: The New Nightmare,T15117N   ,Any,
ANGELPRE_SYS,Angel Present,T20107M   ,Japan,T20107M
AQUAGTRACING,Aqua GT,T40509D 50,Europe,T40509D50
ARCADIA?????,Eternal Arcadia,HDR-0076  ,Japan,HDR0076
E.ARCADIA???,Skies of Arcadia,MK-51052  ,Europe,HDR0076
S.ARCADIA???,Skies of Arcadia,MK-51052  ,USA,HDR0076
CDX_CODES_00,Action Replay CDX,HDR-0030,Any,
ARMADA00.DAT,Armada,T40301N 00,USA,T40301N
AM_SARGE.SAV,Army Men: Sarge's Heroes,T9708D  50,Europe,T9708D50
AM_SARGE.SAV,Army Men: Sarge's Heroes,T-9715N   ,USA,T9708D50
BANGBANG.???,Bang! Gunship Elite,T44102N   ,USA,T44102N
BANGAIO?????,Bangai-O,T7011D  50,Europe,T7011D
BANGAIO?????,Bangai-O,T40217N   ,USA,T7011D
WSBB2K1__DAT,World Series Baseball 2K1,HDR-0157  ,Japan,HDR0157
WSBB2K1__DAT,World Series Baseball 2K1,MK-51055  ,USA,HDR0157
wsbb_2k2_???,World Series Baseball 2K2,HDR-0198  ,Japan,
wsbb_2k2_???,World Series Baseball 2K2,MK-51152  ,USA,MK51152
BASS_FISHING,Sega Bass Fishing,MK-5100650,Europe,MK5100650
BASS_FISHING,Sega Bass Fishing,MK-51006  ,USA,MK5100650
GETBASS2DATA,Get Bass 2,HDR-0169  ,Japan,HDR0169
BASSFISHING2,Sega Bass Fishing 2,MK-51166  ,USA,HDR0169
BMADDATA.00?,Black Matrix Advanced,T20101M   ,Japan,T20101M
AONODATA_???,Blue Submarine No. 6,HDR-0075  ,Japan,HDR0075
BOMB_HEH_SYS,Bomber Hehhe,T42903M   ,Japan,
BOMBERONLINE,Bomberman Online,MK-51065  ,USA,MK51065
BLUESTIN.00?,Blue Stinger,T13001D-05,Europe,T13001D
BLUESTIN.00?,Blue Stinger,T13001D 09,France,T13001D
BLUESTIN.00?,Blue Stinger,T13001D 18,Germany,T13001D
BLUESTIN.00?,Blue Stinger,HDR-0003  ,Japan,T13001D
BLUESTIN.00?,Blue Stinger,T13001N   ,USA,T13001D
BUST_A_MOVE4,Bust-A-Move 4,T-8109D-50,Europe,T8109D
BUST_A_MOVE4,Bust-A-Move 4,T-8117N   ,USA,T8109D
PZLBBL4FORDC,Puzzle Bobble 4,T42301M   ,Japan,T42301M
BUZZ2000.000,Disney/Pixar Buzz Lightyear of Star Command,T13005D 05,Europe,T13005D05
BUZZ2000.000,Disney/Pixar Buzz Lightyear of Star Command,T13007N   ,USA,T13005D05
BUZZ2000.000,Disney/Pixar Captain Buzz Lightyear: Star Command,T13005D 18,Germany,T13005D05
BUZZ2000.000,Disney/Pixar Les Aventures de Buzz L'Éclair,T13005D 09,France,T13005D05
CPAL2000.001,Caesars Palace 2000: Millennium Gold Edition,12502D-50 ,Europe,
CPAL2000.001,Caesars Palace 2000: Millennium Gold Edition,T-12504N  ,USA,
CANNONSP_000,Cannon Spike,T46601D 05,Europe,T46601D
CANNONSP_001,Cannon Spike,T1215N    ,USA,T46601D
CANVAS__.SYS,Canvas: Sepia-iro no Motif,T20108M   ,Japan,T20108M
CARRIER__???,Carrier,T44901D 50,Europe,T44901D50
CARRIER__???,Carrier,T5701M    ,Japan,T44901D50
CARRIER__???,Carrier,T5701N    ,USA,T44901D50
CF2R_DC_SAVE,Castle Fantasia: Seima Taisen,T46901M   ,Japan,
CENTIPEDE_01,Centipede,T40602N   ,USA,T40602N
SURFING1.???,Championship Surfer,T41402D 50,Europe,952014450
SURFING1.???,Championship Surfer,T41403N   ,USA,952014450
C_BLAST_DATA,Charge 'N Blast,T44902D 50,Europe,T44902D50
C_BLAST_DATA,Charge 'N Blast,T4402M    ,Japan,T44902D50
C_BLAST_DATA,Charge 'N Blast,T15127N   ,USA,T44902D50
CHICKENRUNDC,Chicken Run,T36814D 87,Europe,T36814D87
CHICKENRUNDC,Chicken Run,T36811N   ,USA,T36814D87
CHICKENRUNDC,Chicken Run,T36814D 05,UK,T36814D87
CHU_CHU__???,Chu-Chu Rocket!,HDR-0039  ,Japan,HDR0039
CHU_CHU__???,ChuChu Rocket!,MK-5104950,Europe,HDR0039
CHU_CHU__???,ChuChu Rocket!,MK-51049  ,USA,HDR0039
C_MISSION_DC,Confidential Mission,MK-5116050,Europe,MK5116050
C_MISSION_DC,Confidential Mission,HDR-0160  ,Japan,MK5116050
C_MISSION_DC,Confidential Mission,MK-51160  ,USA,MK5116050
COASTER1_00?,Coaster Works,T44903D 50,Europe,T44903D50
COASTER1_00?,Coaster Works,T15128N   ,USA,T44903D50
COMICPARTY00,Comic Party,T38301M   ,Japan,T38301M
CONFLICT.???,Conflict Zone,T46604D   ,Europe,T40214D50
CONFLICT.???,Conflict Zone,T17721N   ,USA,T46603D50
COOLCOOL.SYS,Cool Cool Toon,T3106M    ,Japan,T3106M
CRAZYTAXI_DC,Crazy Taxi,MK-51035  ,Europe,MK5103550
CRAZYTAXI_DC,Crazy Taxi,HDR-0053  ,Japan,MK5103550
CRAZYTAXI_DC,Crazy Taxi,MK-51035  ,USA,MK5103550
C_TAXI02.???,Crazy Taxi 2,MK-5113650,Europe,MK5113650
C_TAXI02.???,Crazy Taxi 2,HDR-0159  ,Japan,MK5113650
C_TAXI02.???,Crazy Taxi 2,MK-51136  ,USA,MK5113650
D2SYSTEM????,D2,MK-51036  ,USA,MK51036
D2SYSTEM????,D2,T30006M   ,Japan,MK51036
D2_______???,D2,MK-51036  ,USA,MK51036
D2_______???,D2,T30006M   ,Japan,MK51036
CRAZY_EXPO99,D2,MK-51036  ,USA,MK51036
CRAZY_EXPO99,D2,T30006M   ,Japan,MK51036
DABITUKU_FAM,Dabitsuku: Derby-ba o Tsukurou!,HDR-0084  ,Japan,HDR0084
DABITUK2_FAM,Dabitsuku 2,HDR-0167  ,Japan,HDR0167
DAVEMIRRABMX,Dave Mirra Freestyle BMX,T8120D  50,Europe,T8120D18
DAVEMIRRABMX,Dave Mirra Freestyle BMX,T-8120N   ,USA,T8120D18
DAYTONA__CNF,Daytona USA,MK-51037  ,USA,MK51037
DAYTONA__CNF,Daytona USA 2001,MK-5103750,Europe,MK51037
DAYTONA__CNF,Daytona USA 2001,HDR-0106  ,Japan,MK51037
ADV_DAI1.ADW,Advanced Daisenryaku 2001,HDR-0158  ,Japan,HDR0158
ADV_DAI1.ADW,Advanced Daisenryaku: Sturm über Europa: Der Deutsche Blitzkrieg,HDR-0066  ,Japan,HDR0066
DDR_CLUB.SYS,Dance Dance Revolution: Club Version: Dreamcast Edition,T9508M    ,Japan,T9508M
DEATHCROXSYS,Death Crimson OX,T23202M   ,Japan,
DEATHCROXSYS,Death Crimson OX,T2401N    ,USA,
DEEPFITE.000,Deep Fighter,T17704D 05,Europe,T17704D61A
DEEPFITE.000,Deep Fighter,T17704D 09,France,T17704D61A
DEEPFITE.000,Deep Fighter,T17704D 18,Germany,T17704D61A
DEEPFITE.000,Deep Fighter,T17705N   ,USA,T17705N
DEMORACER_00,Demolition Racer: No Exit,T15112N   ,USA,T15112N
DIGICHAR.SYS,DiGi Charat Fantasy,T46302M   ,Japan,T46301M
DINO____.???,Dino Crisis,T7019D  05,Europe,T7019D
DINO____.???,Dino Crisis,T7019D  09,France,T7019D
DINO____.???,Dino Crisis,T7019D  18,Germany,T7019D
DINO____.???,Dino Crisis,T7019D  13,Italy,T7019D
DINO____.???,Dino Crisis,T1220M    ,Japan,T7019D
DINO____.???,Dino Crisis,T7019D  06,Spain,T7019D
DINO____.???,Dino Crisis,T1217N    ,USA,T7019D
DINOSAUR.CEY,Disney's Dinosaur,T17718D 50,Europe,T17718D50
DINOSAUR.CEY,Disney's Dinosaur,T-17717N  ,USA,T17718D50
WDWORLDQ_MRT,Walt Disney World Quest: Magical Racing Tour,T36809D 50,Europe,T36809D50
WDWORLDQ_MRT,Walt Disney World Quest: Magical Racing Tour,T36804N   ,USA,T36809D50
DEADORALIVE2,Dead or Alive 2,T8116D  50,Europe,T8116D50
DOA2DATA_JPN,Dead or Alive 2,T3602M    ,Japan,T8116D50
DEADORALIVE2,Dead or Alive 2,T3601N    ,USA,T8116D50
DONALD_Q.???,Disney's Donald Duck: Goin' Quackers,T17714D50 ,Any,T17719N
DORAEMON_002,Boku Doraemon,T41802M   ,Japan,T41802M
PASSPORT.???,Dream Passport 3,6107819   ,Japan,
DRACONUS.???,Draconus: Cult of the Wyrm,T40203N   ,USA,T40203N
DRAGONRIDERS,Dragon Riders: Chronicles of Pern,T17716D 50,Europe,T17716D50
DRAGONRIDERS,Dragon Riders: Chronicles of Pern,T17720N   ,USA,T17716D50
DRILLERU_M??,Mr. Driller,T7020D    ,Europe,T7020D50
DRILLERU_M??,Mr. Driller,T1402M    ,Japan,T7020D50
DRILLERU_M??,Mr. Driller,T1402N    ,USA,T7020D50
DUCATIDW.GAR,Ducati World,T-8121D-50,Europe,T8121D50
DUCATIDW.GAR,Ducati World: Racing Challenge,T-8113N   ,USA,T8121D50
DVINELUV.DAT,D+Vine [Luv],T46501M   ,Japan,
DDEKA2DC.???,Dynamite Deka 2,HDR-0020  ,Japan,HDR0010
D_COP_US.???,Dynamite Cop!,MK-51013  ,USA,MK5101350
D_COP_PL.???,Dynamite Cop,MK-5101350,Europe,MK5101350
ECCODOTF.???,Ecco the Dolphin: Defender of the Future,MK-5103350,Europe,MK5103350
ECCODOTF.???,Ecco the Dolphin: Defender of the Future,HDR-0103  ,Japan,MK5103350
ECCODOTF.???,Ecco the Dolphin: Defender of the Future,MK-51033  ,USA,MK5103350
ECWHARDR.???,ECW Hardcore Revolution,T-8111D-50,Europe,T8119D50
ECWHARDR.???,ECW Hardcore Revolution,T-8111D-58,Germany,T8119D50
ECWHARDR.???,ECW Hardcore Revolution,T-8112N   ,USA,T8119D50
ECWANARC.???,ECW Anarchy Rulz,T8119D  50,Europe,T8119D50
ECWANARC.???,ECW Anarchy Rulz,T-8114N   ,USA,T8119D50
EGG_DATA.???,Elemental Gimmick Gear,T14302M   ,Japan,T14302M
EGG_DATA.???,Elemental Gimmick Gear,T41601N   ,USA,T14302M
ELDORADO.???,Eldorado Gate Dai-1-kan,T1223M    ,Japan,T1223M
ELDORADO.???,Eldorado Gate Dai-2-kan,T1224M    ,Japan,T1223M
ELDORADO.???,Eldorado Gate Dai-3-kan,T1225M    ,Japan,T1223M
ELDORADO.???,Eldorado Gate Dai-4-kan,T1226M    ,Japan,T1223M
ELDORADO.???,Eldorado Gate Dai-5-kan,T1227M    ,Japan,T1223M
ELDORADO.???,Eldorado Gate Dai-6-kan,T1228M    ,Japan,T1223M
ELDORADO.???,Eldorado Gate Dai-7-kan,T1229M    ,Japan,T1223M
ESPIONAGE000,Espion-Age-nts,T38804M   ,Japan,T38804M
THENBA2NIGHT,ESPN NBA 2Night,T9505N    ,USA,T9503N
ITANDF_E_???,ESPN International Track & Field,T9504D    ,Europe,T9504D50
ITANDF_U_???,ESPN International Track & Field,T9509N    ,USA,T9504D50
EVATYPEE.DAT,Shin Seiki Evangelion: Typing E Keikaku,T35101M   ,Japan,T35101M
AYA_PROJ.SYS,Shin Seiki Evangelion: Ayanami Ikusei Keikaku,T46303M   ,Japan,T46303M
EVILDEAD.???,Evil Dead: Hail to the King,T10005D 05,Europe,T10005D05
EVILDEAD.???,Evil Dead: Hail to the King,T10005D 09,France,T10005D05
EVILDEAD.???,Evil Dead: Hail to the King,T10003N   ,USA,T10005D05
EVILTWIN.SYS,Evil Twin: Cyprien's Chronicles,T46605D 71,Europe,T46605D71
EVILTWIN.SYS,"Evil Twin: Cyprien's Chronicles (German, Italian, Spanish)",T46605D 80,Europe,T46605D71
EVO_DATA.???,Evolution: The World of Sacred Device,T17705D 05,Europe,T17705D50
EVO_DATA.???,Evolution: The World of Sacred Device,T17706N   ,USA,T17705D50
EVO2_DAT.???,Evolution 2: Far Off Promise,T45005D 50,Europe,T45005D50
EVO2_DAT.???,Evolution 2: Far Off Promise,T1711N    ,USA,T45005D50
EXPENDAB.???,Expendable,T15104N   ,USA,T15104N
F1WGP4DC_???,F1 World Grand Prix,T3001D  50,Europe,950001750
F1WGP4DC_???,F1 World Grand Prix,T3001N    ,USA,950001750
F1WGP4DC_???,F1 World Grand Prix for Dreamcast,T3001M    ,Japan,950001750
F1WGP4DC2???,F1 World Grand Prix II for Dreamcast,T3002M  50,Europe,T3002D50
F1WGP4DC2???,F1 World Grand Prix II for Dreamcast,T3002M    ,Japan,T3002D50
F355DATA.???,F355 Challenge,HDR-0100  ,Japan,HDR0100
F355DATA.???,F355 Challenge: Passione Rossa,T8118D  50,Europe,HDR0100
F355DATA.???,F355 Challenge: Passione Rossa,MK-0100   ,USA,HDR0100
F_FORCE2.???,Fighting Force 2,36802D 80 ,Europe,830008305
F_FORCE2.???,Fighting Force 2,36802D 18 ,Germany,830008305
F_FORCE2.???,Fighting Force 2,36801N    ,USA,830008305
FIGHTINGVPS2,Fighting Vipers 2,MK-5115450,Europe,952013550
FIGHTINGVPS2,Fighting Vipers 2,HDR-0133  ,Japan,952013550
FIREPROD.???,Fire Pro Wrestling D,T18805M   ,Japan,
SEGACART.SYS,Flag to Flag,MK-51007  ,USA,
FLOIGAN_.???,Floigan Bros.: Episode 1,MK-51114  ,Europe,MK5111450
FLOIGAN_.???,Floigan Bros.: Episode 1,MK-51114  ,USA,MK5111450
F_GRIDE.0008,Frame Gride,T34201M   ,Japan,T34201M
FROGGER2_DAT,Frogger 2: Swampy's Revenge,T40604N   ,USA,T40604N
FUR_FIGHTERS,Fur Fighters,T-8113D-50,Europe,T8113D50
FUR_FIGHTERS,Fur Fighters,T-8107N   ,USA,T8113D50
FUR_FIGHTERS,Fur Fighters,8D-0008-50,UK,T8113D50
ASUKA____???,Fushigi no Dungeon: Fuurai no Shiren Gaiden: Onna Kenshi Asuka Kenzan!,HDR-0187  ,Japan,HDR0187
F.FURY_MOW??,Fatal Fury: Mark of the Wolves,T44306N   ,USA,T44306N
GAROU_MOW???,Garou: Mark of the Wolves,T3108M    ,Japan,T3108M
GAUNTLET.???,Gauntlet Legends,T9707D  50,Europe,830014350
GAUNTLET.???,Gauntlet Legends,T9710N    ,USA,830014350
GIANTGRM2000,Giant Gram 2000: Zen Nihon Pro Wres 3 Eikou no Yuusha-tachi,HDR-0101  ,Japan,HDR0101
GIGAWING_DAT,GigaWing,T7008D  50,Europe,
GIGAWING_DAT,GigaWing,T1208M    ,Japan,
GIGAWING_DAT,GigaWing,T1209N    ,USA,
GIGAWING2???,GigaWing 2,T1239M,Japan,T1239M
GIGAWING2???,GigaWing 2,T1222N    ,USA,T1239M
GODZILLA_GEN,Godzilla Generations,HDR-0004  ,Japan,
SHIYOUY2.SYS,Golf Shiyou yo 2: Aratanaru Chousen,T44501M   ,Japan,T44501M
GRANDIA2_???,Grandia II,T17715D   ,Europe,T17715D50
GRANDIA2_???,Grandia II,T4503M    ,Japan,T17715D50
GRANDIA2_???,Grandia II,T17716N   ,USA,T17715D50
GRINCHED.???,The Grinch,T9503D    ,Europe,
GRINCHED.???,The Grinch,T9512N    ,USA,
CDX_CODES_00,GameShark CDX,HDR-0030  ,USA,
GTA2.SAV????,Grand Theft Auto 2,T40502D 93,Europe,T40502D18
GTA2.SAV????,Grand Theft Auto 2,T40502D 09,France,T40502D18
GTA2.SAV????,Grand Theft Auto 2,T42102N   ,USA,T40502D18
DCGUILTY.DAT,Guilty Gear X,T-2402M   ,Japan,T2402M
GUNBIRD2_DAT,Gunbird 2,T7018D  50,Europe,T7018D50
GUNBIRD2_DAT,Gunbird 2,T1213M    ,Japan,T7018D50
GUNBIRD2_DAT,Gunbird 2,T1214N    ,USA,T7018D50
GUNDAMBO.???,Gundam Battle Online,T13304M   ,Japan,T13304M
HARDCORE.???,TNN Motorsports Hardcore Heat,T0000M    ,USA,T13701N
H_HUNTER.???,Headhunter,MK-5104150,Europe,MK5104150
HEAVYMTL.SYS,Heavy Metal: Geomatrix,T46602D 50,Europe,T46602D50
HEAVYMTL.SYS,Heavy Metal: Geomatrix,T1246M    ,Japan,T46602D50
HEAVYMTL.SYS,Heavy Metal: Geomatrix,T1223N    ,USA,T46602D50
SP_HERO_.DAT,Tokusatsu Bouken Katsugeki Super Hero Retsuden,T20601M   ,Japan,T20601M
_HIDDEN__???,Hidden & Dangerous,T40503D 50,Europe,T40503D50
_HIDDEN__???,Hidden & Dangerous,T-40502-N ,USA,T40503D50
HOD2DC_?????,The House of the Dead 2,MK-5100250,Europe,MK5100250
HOD2DC_?????,The House of the Dead 2,HDR-0007  ,Japan,MK5100250
HOD2DC_?????,The House of the Dead 2,MK-51002  ,USA,MK5100250
HYLCASINO000,Hoyle Casino,T11008N 00,USA,
H_SWORDS.MIN,Hundred Swords,HDR-0124  ,Japan,HDR0124
HYDRO___SYS?,Hydro Thunder,T-9702D-50,Europe,
HYDRO___SYS?,Hydro Thunder,T-9702N   ,USA,
IKARUGA_DATA,Ikaruga,T38706M   ,Japan,T38706M
ILLBLEED.???,Illbleed,T45601M   ,Japan,T45601M
ILLBLEED.???,Illbleed,T45601M 11,Taiwan,T45601M
ILLBLEED.???,Illbleed,T46001N   ,USA,T46001N
INCOMING.???,Incoming,T40701D-50,Europe,T40701D
INCOMING.???,Incoming,T12503N   ,USA,T40701D
INCOMING.???,Incoming: Jinrui Saishuu Kessen,T15001M   ,Japan,T40701D
I_SPY____000,Industrial Spy: Operation Espionage,T41302N   ,USA,T41302N
IRONACES.G??,Iron Aces,T44904D 50,Europe,T44904D50
IRONACES.G??,Iron Aces,T15129N   ,USA,T44904D50
JMSX2000_???,Jeremy McGrath Supercross 2000,T8114D  50,Europe,T8114D50
JMSX2000_???,Jeremy McGrath Supercross 2000,T-8104N   ,USA,T8114D50
JETGRIND_???,Jet Grind Radio,MK-51058  ,USA,MK51058
JETRADIO_???,Jet Set Radio,MK-5105850,Europe,MK5105850
JETRADIO_???,Jet Set Radio,HDR-0078  ,Japan,HDR0078
POWERJET.SYS,Power Jet Racing 2001,T6806M    ,Japan,T6803M
JETSETDX_SYS,De La Jet Set Radio,HDR-0128  ,Japan,HDR0186
JOJO_ADV_SYS,Jojo no Kimyou na Bouken: Mirai e no Isan,T1205M    ,Japan,T7007D50
JOJO_ADV_SYS,JoJo's Bizarre Adventure,T7007D  50,Europe,T7007D50
JOJO_ADV_SYS,JoJo's Bizarre Adventure,T1206N    ,USA,T7007D50
JULY0000_???,July,T35401M   ,Japan,
KANON___.???,Kanon,T20105M   ,Japan,T20105M
KAO_KANG.???,Kao the Kangaroo,T22902D 50,Europe,T22902D50
KAO_KANG.???,Kao the Kangaroo,T22903N   ,USA,T22902D50
TRMR_KPC.DAT,KISS Psycho Circus: The Nightmare Child,T40506D 50,Europe,T40506D50
TRMR_KPC.DAT,KISS Psycho Circus: The Nightmare Child,T41901N   ,USA,T40506D50
KOF2000_0000,The King of Fighters 2000,T47303M   ,Japan,T47303M
KOF2001_0000,The King of Fighters 2001,T47304M   ,Japan,T47304M
KOF2002_0000,The King of Fighters 2002,T47305M   ,Japan,T47305M
KOF1999_0000,The King of Fighters: Dream Match 1999,T3101M    ,Japan,T3101M
KOF_1999.DAT,The King of Fighters: Dream Match 1999,T3101M    ,Japan,T3101M
KOF_1999.DAT,The King of Fighters: Dream Match 1999,T3101N    ,USA,T3101M
KOF_EVOL.SYS,The King of Fighters: Evolution,T44302N   ,USA,
KOF99EVO.SYS,The King of Fighters '99: Evolution,T3102M    ,Japan,
LANGMILL.???,Langrisser Millennium,T2501M    ,Japan,T2501M
GEKKANOKENSI,Bakumatsu Roman Daini Maku: Gekka no Kenshi: Final Edition,T3107M    ,Japan,T3107M
GEKKANOKENSI,The Last Blade 2: Heart of the Samurai,T44305N   ,USA,
SLREAVER.001,Legacy of Kain: Soul Reaver,T36802N   ,Any,T36803D06
TDLEMANS.???,Test Drive Le Mans,T15123N   ,USA,T15111D50
LEMANS24.???,Le Mans 24 Hours,T15111D 50,Europe,T15111D50
LEMANS24.???,Le Mans 24 Hours,HDR-0149  ,Japan,T15111D50
SPACERACE???,Looney Tunes: Space Race,T15108D   ,Europe,T15108D50
SPACERACE???,Looney Tunes: Space Race,T15116N   ,USA,T15108D50
LOVEHINA.SYS,Love Hina: Totsuzen no Engage Happening,HDR-0102  ,Japan,HDR0102
LOVE_HI2.SYS,Love Hina: Smile Again,HDR-0139  ,Japan,HDR0139
MACROSSM3.SV,Macross M3,T21501M   ,Japan,T21502M
MAGFORCE_???,MagForce Racing,T40207D 50,Europe,T40207D50
MAGFORCE_???,MagForce Racing,T40208N   ,USA,T40207D50
MAGIC_6E.DAT,Magic: The Gathering,HDR-0116  ,Japan,HDR0116
MAKEN__X.???,Maken X,MK-5105050,Europe,MK5105050
MAKEN__X.???,Maken X,T14401M   ,Japan,MK5105050
MAKEN__X.???,Maken X,MK-51050  ,USA,MK5105050
MARINE_F.SYS,Sega Marine Fishing,HDR-0104  ,Japan,HDR0104
MARINE_F.SYS,Sega Marine Fishing,MK-51096  ,USA,HDR0104
MARIONET_SYS,Marionette Handler,T2201M    ,Japan,T2201M
MARIONET_001,Marionette Handler 2,T2204M    ,Japan,T2204M
MARSMATRIX??,Mars Matrix,T1238M    ,Japan,T1238M
MARSMATRIX??,Mars Matrix,T1221N    ,USA,T1238M
MVLVSCAP_DAT,Marvel vs. Capcom: Clash of Super Heroes,T7002D 50 ,Europe,T7002D50
MVLVSCAP_DAT,Marvel vs. Capcom: Clash of Super Heroes,T1202M    ,Japan,T7002D50
MVLVSCAP_DAT,Marvel vs. Capcom: Clash of Super Heroes,T1202N    ,USA,T7002D50
MVLVSCP2_SYS,Marvel vs. Capcom 2,T1212N    ,USA,T1212N
MVLVSCP2_SYS,Marvel vs. Capcom 2: New Age of Heroes,T7010D  50,Europe,T1212N
MVLVSCP2_SYS,Marvel vs. Capcom 2: New Age of Heroes,T1215M    ,Japan,T1212N
MVLVS.C2_SYS,Marvel vs. Capcom 2,T1212N    ,USA,T1212N
MVLVS.C2_SYS,Marvel vs. Capcom 2: New Age of Heroes,T7010D  50,Europe,T1212N
MVLVS.C2_SYS,Marvel vs. Capcom 2: New Age of Heroes,T1215M    ,Japan,T1212N
MHPROBMX.???,Mat Hoffman's Pro BMX,T13005N   ,USA,T13005N
MAXPOOL2.SYS,Maximum Pool,T11010N   ,USA,T11002N
MAXSTEEL.???,Max Steel: Covert Missions,T41402N   ,USA,T41402N
MDK2SAVE.SAV,MDK2,T12501D 50,Europe,T12501D50
MDK2SAVE.SAV,MDK2,T12502N   ,USA,T12501D50
KAENSEIBOSYS,Kaen Seibo: The Virgin on Megiddo,T42802M   ,Japan,T42802M
MEMO_OFF.DAT,Memories Off Complete,T19702M   ,Japan,T19702M
MEM_OFF2.DAT,Memories Off 2nd,T19707M   ,Japan,T19708M
MSR?????????,MSR: Metropolis Street Racer,MK-5102250,Europe,952004250
MSR?????????,MSR: Metropolis Street Racer,MK-51012  ,USA,952004250
MILKYSEA.DAT,Milky Season,T19713M   ,Japan,T19717M
MIZUIRO__SYS,Mizuiro,T20114M   ,Japan,T20114M
MKGOLD___SYS,Mortal Kombat Gold,T9701D    ,Europe,T9701D50
MKGOLD___SYS,Mortal Kombat Gold,T-9701N   ,USA,T9701D50
MONACOGP.PIL,Monaco Grand Prix,17701N    ,USA,T17701N
MONACOGP.PIL,Monaco Grand Prix Racing Simulation 2,T17701M   ,Japan,
MSPACMMM.SYS,Ms. Pac-Man Maze Madness,T1404N    ,USA,T1404N
MTV_SK8BOARD,MTV Sports: Skateboarding featuring Andy Macdonald,T10001D 50,Europe,
MTV_SK8BOARD,MTV Sports: Skateboarding featuring Andy Macdonald,T10004N   ,USA,
NADESICO.???,Kidou Senkan Nadesico: Nadesico the Mission,T27901M   ,Japan,T27901M
NAKORURU_SYS,Nakoruru: Ano Hito kara no Okurimono,T44702M   ,Japan,T44702M
NAMCOMUS.SYS,Namco Museum,T1403N    ,USA,T1403N
7HIKAN2SV???,Nanatsu no Hikan: Senritsu no Bishou,T7604M    ,Japan,T7604M
SEGANBA2KSET,NBA 2K,MK-5100450,Europe,952003650
SEGANBA2KSET,NBA 2K,HDR-0069  ,Japan,952003650
SEGANBA2KSET,NBA 2K,MK-51004  ,USA,952003650
VCSEGANBA2K1,NBA 2K1,HDR-0150  ,Japan,HDR0150
VCSEGANBA2K1,NBA 2K1,MK-51063  ,USA,HDR0150
ROSTER.UPD,NBA 2K1,HDR-0150  ,Japan,HDR0150
ROSTER.UPD,NBA 2K1,MK-51063  ,USA,HDR0150
VCSEGANBA2K2,NBA 2K2,MK-51178  ,Europe,MK5117850
VCSEGANBA2K2,NBA 2K2,HDR-0197  ,Japan,
VCSEGANBA2K2,NBA 2K2,MK-51178  ,USA,MK5117850
NBAHOOPZ_SYS,NBA Hoopz,T9713D    ,Europe,T9713D50
NBAHOOPZ_SYS,NBA Hoopz,T9709N    ,USA,T9713D50
NBAONNBC.???,NBA Showtime: NBA on NBC,T-9706D-50,Europe,
NBAONNBC.???,NBA Showtime: NBA on NBC,T-9706N   ,USA,
SEGA_NCAA2K2,NCAA College Football 2K2: Road to the Rose Bowl,MK-51176  ,USA,MK51176
NEVER7DC.DLF,Never 7: The End of Infinity,T19703M   ,Japan,T19703M
SEGANFL2KSET,NFL 2K,HDR-0058  ,Japan,HDR0058
SEGANFL2KSET,NFL 2K,MK-51003  ,USA,HDR0058
SEGA_NFL_2K1,NFL 2K1,HDR-0144  ,Japan,HDR0144
SEGA_NFL_2K1,NFL 2K1,MK-51062  ,USA,HDR0144
ROSTER.UPD,NFL 2K1,HDR-0144  ,Japan,HDR0144
ROSTER.UPD,NFL 2K1,MK-51062  ,USA,HDR0144
SEGA_NFL_2K2,NFL 2K2,HDR-0196  ,Japan,HDR0196
SEGA_NFL_2K2,NFL 2K2,MK-51168  ,USA,HDR0196
BLTZ2000.SYS,NFL Blitz 2000,T-9703D-50,Europe,
BLTZ2000.SYS,NFL Blitz 2000,T-9703N   ,USA,
BLTZ2001.???,NFL Blitz 2001,T9712N    ,USA,
SEGANHL2K???,NHL 2K,MK-5102550,Europe,
SEGANHL2K???,NHL 2K,MK-51025  ,USA,
NCREATURESII,Nightmare Creatures II,T-9502D-50,Europe,T9502D50
NCREATURESII,Nightmare Creatures II,T9504N    ,USA,T9502D50
NIJYUEI_.SYS,Nijuuei,T46505M   ,Japan,
THENOMADSOUL,Omikron: The Nomad Soul,T36807N   ,USA,T36805D61
THENOMADSOUL,The Nomad Soul,T36805D 61,Europe,T36805D61
THENOMADSOUL,The Nomad Soul,T36805D 09,France,T36805D61
THENOMADSOUL,The Nomad Soul,T36805D 18,Germany,T36805D61
OOGA___BOOGA,Ooga Booga,MK-51140  ,USA,MK51140
OUTTRIGR.SYS,Outtrigger,MK-5110250,Europe,MK5110250
OUTTRIGR.SYS,Outtrigger,HDR-0118  ,Japan,MK5110250
OUTTRIGR.SYS,Outtrigger,MK-51102  ,USA,MK5110250
PENWRD.00000,PenPen,T15103D 50,Europe,T15103D50
PENWRD.00000,PenPen TriIcelon,T17001M   ,Japan,T15103D50
PENWRD.00000,PenPen TriIcelon,T15105N   ,USA,T15103D50
PIA3DATA_SYS,Pia Carrot e Youkoso!! 3,T20122M   ,Japan,T20110M
PLASMA_SWORD,Plasma Sword: Nightmare of Bilstein,T7005D  50,Europe,T7005D50
PLASMA_SWORD,Plasma Sword: Nightmare of Bilstein,T1207N    ,USA,T7003D50
POD_MLTP.SYS,POD 2: Multiplayer Online,T-17710D50,Europe,T17713N
POD_MLTP.SYS,POD: Speedzone,T-17713N  ,USA,T17713N
POWSTONE_???,Power Stone,T36801D 50,Europe,T36801D50
POWSTONE_???,Power Stone,T1201M    ,Japan,T36801D50
POWSTONE_???,Power Stone,T1201N    ,USA,T36801D50
P_STONE2_???,Power Stone 2,T36812D 50,Europe,T36812D
P_STONE2_???,Power Stone 2,T1218M    ,Japan,T36812D
P_STONE2_???,Power Stone 2,T1211N    ,USA,T36812D
PRINCELV.???,Prince of Persia: Arabian Nights,T41405N   ,USA,T41405N
PRIHOLI_.SYS,Princess Holiday: Korogaru Ringo Tei Sen'ya Ichiya,T47106M   ,Japan,
PRIMAKE2.000,Princess Maker Collection,T44801M   ,Japan,T44801M
PRISMHEART00,Prism Heart,T19712M   ,Japan,T19711M
PRISMATIC000,Prismaticallization,T22002M   ,Japan,
MJUSTICE_???,Moero! Justice Gakuen,T1221M    ,Japan,T1221M
PJUSTICE_???,Project Justice,T1219N    ,USA,T1219N
PJUSTICE_???,Project Justice: Rival Schools 2,T7022D  50,Europe,T1219N
PROPARNA.SYS,Propeller Arena,MK-51162  ,USA,
PSO______???,Phantasy Star Online,MK-5110050,Europe,MK5110050
PSO______???,Phantasy Star Online,HDR-0129  ,Japan,MK5110050
PSO______???,Phantasy Star Online,MK-51100  ,USA,MK5110050
PSO______???,Phantasy Star Online Ver. 2,MK-5119350,Europe,MK5110050
PSO______???,Phantasy Star Online Ver. 2,HDR-0163  ,Japan,MK5110050
PSO______???,Phantasy Star Online Ver. 2,MK-51193  ,USA,MK5110050
PSYCHIC_2012,Psychic Force 2012,T-8106D-50,Europe,T8106D50
PSYCHIC_2012,Psychic Force 2012,T1101M    ,Japan,T8106D50
PSYCHIC_2012,Psychic Force 2012,T-31101N  ,USA,T8106D50
102DALMATIAN,Disney's 102 Dalmatians: Puppies to the Rescue,T36813D 50,Europe,T36813D
102DALMATIAN,Disney's 102 Dalmatians: Puppies to the Rescue,T36803N   ,USA,T36813D
102DALMATIAN,Disney's 102 Dalmatians: Puppies to the Rescue,T36813D 05,UK,T36813D
PUYOFEVERSYS,Puyo Puyo Fever,HDR-0216  ,Japan,HDR0216
PUYOPUYO4SYS,Puyo Puyoon,HDR-0014  ,Japan,HDR0014
QUAKE3_ARENA,Quake III: Arena,MK-5106150,Europe,MK5106150
QUAKE3_ARENA,Quake III: Arena,MK-51061  ,USA,MK5106150
RTYCOON2.???,Railroad Tycoon II,T40505D 50,Europe,T40505D50
RTYCOON2.???,Railroad Tycoon II,T41902N   ,USA,T40505D50
R_COTTON.SCO,Rainbow Cotton,T9901M    ,Japan,T9901M
RAYMAN_2.???,Rayman 2: The Great Escape,17707D    ,Europe,T17707D50
RAYMAN_2.???,Rayman 2: The Great Escape,17707N    ,USA,T17707D50
SCOOTER__DAT,Razor Freestyle Scooter,T40219N   ,USA,T40214D50
R2RUMBLE.???,Ready 2 Rumble Boxing,T9704D  50,Europe,
R2RUMBLE.???,Ready 2 Rumble Boxing,T9704N    ,USA,
R2RUMBLE.???,Ready 2 Rumble Boxing,T9704D  05,UK,
R2RUMBLE.???,Ready 2 Rumble Boxing: Uchikome Warai no Megaton Punch!!,HDR-0051  ,Japan,
RUMBLER2.SYS,Ready 2 Rumble Boxing: Round 2,T9711D  50,Europe,
RUMBLER2.SYS,Ready 2 Rumble Boxing: Round 2,T9717N    ,USA,
LODOSS__.???,Record of Lodoss War,T7012D  05,Europe,
LODOSS__.???,Record of Lodoss War,T7012D  09,France,
LODOSS__.???,Record of Lodoss War,T7012D  18,Germany,
LODOSS__.???,Record of Lodoss War,T40218N   ,USA,
LODOSS__.???,Record of Lodoss War: The Advent of Cardice,T27903M   ,Japan,
RED_DOG__SYS,Red Dog: Superior Firepower,MK-5102151,Europe,MK51021
RED_DOG__SYS,Red Dog: Superior Firepower,T40215N   ,USA,MK51021
REDLINER.SAV,Redline Racer,T15002M   ,Japan,T15002M
REELFISH.SYS,Reel Fishing | Wild,T44303N   ,USA,T44303N
RENTA1___001,Rent a Hero No. 1,HDR-0074  ,Japan,
BIOHAZRD2???,Biohazard 2,T1214M    ,Japan,T1207M
RESEVIL2.???,Resident Evil 2,T7004D  50,Europe,T1205N
RESEVIL2.???,Resident Evil 2,T1205N    ,USA,T1205N
BIOHAZRD3???,Biohazard 3: Last Escape,T1222M    ,Japan,T1222M
RESEVIL3.???,Resident Evil 3: Nemesis,T7021D  05,Europe,T7021D05
RESEVIL3.???,Resident Evil 3: Nemesis,T7021D  72,Europe,T7021D05
RESEVIL3.???,Resident Evil 3: Nemesis,T7021D  18,Germany,T7021D05
RESEVIL3.???,Resident Evil 3: Nemesis,T1220N    ,USA,T7021D05
VERONICA.???,Biohazard: Code: Veronica,T1207M    ,Japan,T1207M
RE_CV000.???,Resident Evil: Code: Veronica,T36806D 05,Europe,T1204N
RE_CV000.???,Resident Evil: Code: Veronica,T36806D 09,France,T1204N
RE_CV000.???,Resident Evil: Code: Veronica,T36806D 18,Germany,T1204N
RE_CV000.???,Resident Evil: Code: Veronica,T36806D 06,Spain,T1204N
RE_CV000.???,Resident Evil: Code: Veronica,T1204N    ,USA,T1204N
REVIVE___SYS,Revive,T1301M    ,Japan,T1301M
REVOLTDC.SAV,Re-Volt,T8107D  50,Europe,T8107D50
REVOLTDC.SAV,Re-Volt,T-8101M   ,Japan,T8107D50
REVOLTDC.SAV,Re-Volt,T-8109N   ,USA,T8107D50
REZ_________,Rez,MK-5119250,Europe,MK5119250
REZ_________,Rez,HDR-0178  ,Japan,MK5119250
R_RIDERS.???,Rippin' Riders,MK-51010  ,USA,MK51010
ROADSTER.???,Roadsters,T22901D 50,Europe,T22903D50
ROADSTER.???,Roadsters,T22901N   ,USA,T22903D50
ROOMMATE_NVL,Roommate Novel: Satou Yuka,T19502M   ,Japan,T19502M
ROGUE_SP.???,Tom Clancy's Rainbow Six: Rogue Spear + Mission Pack: Urban Operations,T45002D-05,Europe,T45002D05
ROGUE_SP.???,Tom Clancy's Rainbow Six: Rogue Spear + Mission Pack: Urban Operations,T-45002D09,France,T45002D05
ROGUE_SP.???,Tom Clancy's Rainbow Six: Rogue Spear + Mission Pack: Urban Operations,T-45002D18,Germany,T45002D05
ROGUE_SP.???,Tom Clancy's Rainbow Six: Rogue Spear + Mission Pack: Urban Operations,T40402N   ,USA,T45002D05
RUSH2049.???,San Francisco Rush 2049,T-9709D-50,Europe,
RUSH2049.???,San Francisco Rush 2049,T-9707N   ,USA,
NISIKAZE.001,The Rhapsody of Zephyr,T44502M   ,Japan,
SAKATOKU.C98,Sakatsuku Tokudai-gou: J.League Pro Soccer Club o Tsukurou!,HDR-0126  ,Japan,
SAKATOK2.A??,Sakatsuku Tokudai-gou 2: J.League Pro Soccer Club o Tsukurou!,HDR-0183  ,Japan,
SAKURA_1.???,Sakura Taisen,HDR-0072  ,Japan,HDR0089
SAKURA_2.???,"Sakura Taisen 2: Kimi, Shinitamou Koto Nakare",HDR-0082  ,Japan,HDR0082
SAKURA_3.???,Sakura Taisen 3: Paris wa Moeteiru ka,HDR-0152  ,Japan,HDR0152
SW.3_DDL.???,Sakura Taisen 3: Paris wa Moeteiru ka,HDR-0152  ,Japan,HDR0152
SAKURA_4.???,Sakura Taisen 4: Koi seyo Otome,HDR-0191  ,Japan,HDR0191
SKRSHOW1.SYS,"Oogami Ichirou Funtouki: Sakura Taisen Kayou Show ""Beni Tokage"" yori",HDR-0057  ,Japan,HDR0057
HANACUL2.SYS,Sakura Taisen: Hanagumi Taisen Columns 2,HDR-0046  ,Japan,HDR0046
CCS_TOMO.001,Cardcaptor Sakura: Tomoyo no Video Daisakusen,HDR-0115  ,Japan,HDR0115
SAMBAUS1.???,Samba de Amigo,MK-5109250,Europe,MK5109250
SAMBAUS1.???,Samba de Amigo,MK-51092  ,USA,MK5109250
SAMBADE1.???,Samba de Amigo,HDR-0063  ,Japan,MK5109250
SAMBAV2K.???,Samba de Amigo Ver. 2000,HDR-0131  ,Japan,HDR0131
SEGAGAGA.001,SGGG: Segagaga,HDR-0151  ,Japan,HDR0083
SEGAGT__.???,Sega GT,MK-5105350,Europe,MK51053
SEGAGT__.???,Sega GT,MK-51053  ,USA,MK51053
SEGAGT__.???,Sega GT: Homologation Special,HDR-0054  ,Japan,MK51053
SGRALLY2I0VD,Sega Rally 2,MK-5101950,Europe,MK5101950
SGRALLY2I0VD,Sega Rally 2,MK-51019  ,USA,MK5101950
SG_RALLY20VD,Sega Rally 2,HDR0010   ,Japan,HDR0010
RAYBLADE_001,Seireiki Rayblade,T42201M   ,Japan,
7THCRSEV_000,Seventh Cross Evolution,T41301N   ,USA,
SHADOMAN.???,Shadow Man,T8104D  58,Europe,T8104D50
SHADOMAN.???,Shadow Man,T8104D  18,Germany,T8104D50
SHADOMAN.???,Shadow Man,T-8106N   ,USA,T8104D50
SHENMUE1_???,Shenmue,MK-5105950,Europe,830020550
SHENMUE1_???,Shenmue,MK-51059  ,USA,830020550
SHENMUE1_???,Shenmue: Isshou Yokosuka,HDR-0016  ,Japan,HDR0031
SHENMUE2_???,Shenmue II,MK-5118450,Europe,MK5118450
SHENMUE2_???,Shenmue II,HDR-0164  ,Japan,MK5118450
SM2000US.???,Seaman,MK-51048  ,USA,MK51048
SSCOPE01.DAT,Silent Scope,T9505D    ,Europe,T9505D50
SSCOPE01.DAT,Silent Scope,T9507N    ,USA,T9505D50
SILENT01.DAT,Silent Scope,T9513M    ,Japan,T9505D50
_SILVER_.???,Silver,T15109D   ,Europe,T15109D91
_SILVER_.???,Silver,T15108N   ,USA,T15109D91
SLAVEZERO.??,Slave Zero,T15104D 50,Europe,
SLAVEZERO.??,Slave Zero,T15106N   ,USA,
SP1_????????,Sega Smash Pack: Volume 1,MK-51146  ,USA,MK51146
SNOCROSS_CFG,SnoCross Championship Racing,T17722D 50,Europe,T17722
SNOCROSS_CFG,SnoCross Championship Racing,T40207N   ,USA,T17722
SFORTUNE.???,Soldier of Fortune,T17726D 50,Europe,T17726D50
SFORTUNE.???,Soldier of Fortune,T40212N   ,USA,T17726D50
SONICADV_???,Sonic Adventure,MK-5100050,Europe,MK51000
SONICADV_???,Sonic Adventure,HDR-0001  ,Japan,MK51000
SONICADV_???,Sonic Adventure,MK-51000  ,USA,MK51000
SONIC2___???,Sonic Adventure 2,MK-5111750,Europe,MK51117
SONIC2___???,Sonic Adventure 2,HDR-0165  ,Japan,MK51117
SONIC2___???,Sonic Adventure 2,MK-51117  ,USA,MK51117
SSHUFFLE.DAT,Sonic Shuffle,MK-5106050,Europe,MK5106050
SSHUFFLE.DAT,Sonic Shuffle,HDR-0125  ,Japan,MK5106050
SSHUFFLE.DAT,Sonic Shuffle,MK-51060  ,USA,MK5106050
SONICSHUFFLE,Sonic Shuffle,MK-5106050,Europe,MK5106050
SONICSHUFFLE,Sonic Shuffle,HDR-0125  ,Japan,MK5106050
SONICSHUFFLE,Sonic Shuffle,MK-51060  ,USA,MK5106050
SORCER-7S000,Sorcerian: Shichisei Mahou no Shito,T9103M    ,Japan,T9102M
SCALIBUR_MB?,Soulcalibur,T1401D  50,Europe,T1401D50
SCALIBUR_MB?,Soulcalibur,T1401M    ,Japan,T1401D50
SCALIBUR_MB?,Soulcalibur,T1401N    ,USA,T1401D50
SOULFIGH_???,Soul Fighter,T41401D 50,Europe,T41401D
SOULFIGH_???,Soul Fighter,T41401N   ,USA,T41401D
SP_RALLY.SYS,South Park Rally,T-8112D-50,Europe,T8112D50
SP_RALLY.SYS,South Park Rally,T-8116N   ,USA,T8112D50
SC5PART2_DAT,Space Channel 5 Part 2,HDR-0190  ,Japan,HDR0190
SPACECH5_???,Space Channel 5,MK-5105150,Europe,MK5105150
SPACECH5_???,Space Channel 5,HDR-0029  ,Japan,MK5105150
SPACECH5_???,Space Channel 5,MK-51051  ,USA,MK5105150
SPAWN???????,Spawn: In the Demon's Hand,T36816D 50,Europe,T36816D50
SPAWN???????,Spawn: In the Demon's Hand,T1216M    ,Japan,T36816D50
SPAWN???????,Spawn: In the Demon's Hand,T1216N    ,USA,T36816D50
SO-OMEGA_???,Spec Ops II: Omega Squad,T45004D 50,Europe,T45004D50
SO-OMEGA_???,Spec Ops II: Omega Squad,T41704N   ,USA,T45004D50
SPEEDDEV.???,Speed Devils,T17702D 50,Europe,T17702D50
SPEEDDEV.???,Speed Devils,T17702M   ,Japan,T17702D50
SPEEDDEV.???,Speed Devils,T17702N   ,USA,T17702D50
SPEEDONL.???,Speed Devils: Online Racing,T17713D 50,Europe,T17702D50
SPEEDONL.???,Speed Devils: Online Racing,T17718N   ,USA,T17702D50
SPIDRMAN.DAT,Spider-Man,T13008N   ,Europe,T13011D50
SPIDRMAN.DAT,Spider-Man,T13008N   ,USA,T13011D50
SPRT_JAM_DAT,Sports Jam,HDR-0153  ,Japan,HDR0153
SPRT_JAM_DAT,Sports Jam,T44304N   ,USA,HDR0153
SRWALPHA.???,Super Robot Taisen Alpha,T20602M   ,Japan,T20602M
SSF2X___.SYS,Super Street Fighter II X,T1236M    ,Japan,T1236M
STARLANCER??,StarLancer,T17723D 05,Europe,
STARLANCER??,StarLancer,T40209N   ,USA,
STARSEEK.SYS,Doki Doki Idol Star Seeker Remix,T46701M   ,Japan,T46701M
SW_EP1_RACER,Star Wars: Episode I: Racer,T23001D 50,Europe,
SW_EP1_RACER,Star Wars: Episode I: Racer,T23001N   ,USA,
SWEP1JPB.SAV,Star Wars: Episode I: Jedi Power Battles,T23002D   ,Europe,
SWEP1JPB.SAV,Star Wars: Episode I: Jedi Power Battles,T23002N   ,USA,
STF3_D_I.DAT,Street Fighter III: Double Impact,T7006D  50,Europe,T7006D50
STF3_D_I.DAT,Street Fighter III: Double Impact,T1210N    ,USA,T7006D50
STF3_D_I.DAT,Street Fighter III: W Impact,T1211M    ,Japan,T7006D50
STF3_3RD.???,Street Fighter III: 3rd Strike,T7013D-50 ,Europe,T7013D50
STF3_3RD.???,Street Fighter III: 3rd Strike,T1213N    ,USA,T7013D50
STF3_3RD.???,Street Fighter III: 3rd Strike: Fight for the Future,T1209M    ,Japan,T7013D50
SFALPHA3.???,Street Fighter Alpha 3,T1203N    ,USA,T7005D50
STFZERO3.???,Street Fighter Zero 3: Saikyo-ryu Dojo,T1203M    ,Japan,T1203M
STRIKER__???,Striker Pro 2000,T15111N   ,USA,T15111N
STUNTGP1.SAV,Stunt GP,T22904D 50,Europe,T22904D50
STUPIDIN_???,Stupid Invaders,T17711D   ,Europe,T17711D09
STUPIDIN_???,Stupid Invaders,T17708N   ,USA,T17711D09
SUNRISE_EIYU,Sunrise Eiyuutan,T41101M   ,Japan,T41101M
SPMAGNEO.???,Super Magnetic Neo,T40206D 50,Europe,T40206D50
SPMAGNEO.???,Super Magnetic Neo,T40206N   ,USA,T40206D50
SPMAGNEO.???,Super Magnetic Niuniu,T30802M   ,Japan,T40206D50
SUPER_RB.???,Super Runabout: San Francisco Edition,T7014D  50,Europe,
SUPER_RB.???,Super Runabout: San Francisco Edition,T22102M   ,Japan,
SUPER_RB.???,Super Runabout: San Francisco Edition,T12509N   ,USA,
SURFROCK.SYS,Surf Rocket Racers,T17721D 50,Europe,T6803M
SURFROCK.SYS,Surf Rocket Racers,T40216N   ,USA,T6803M
ALSTRACE.SAV,Suzuki Alstare: Extreme Racing,T17703D 50,Europe,T17705N
ALSTRACE.SAV,Suzuki Alstare: Extreme Racing,T17703N   ,USA,T17705N
SWDEMOLI.TIO,Star Wars: Demolition,T13010D 05,Europe,T13010D50
SWDEMOLI.TIO,Star Wars: Demolition,T23003N   ,USA,T13010D50
BERSERK_DATA,Berserk: Millennium Falcon-hen: Wasurebana no Shou,T2101M    ,Japan,T2101M
BERSERK_DATA,Sword of the Berserk: Guts' Rage,T36807D 05,Europe,T36807D50
BERSERK_DATA,Sword of the Berserk: Guts' Rage,T-36805N  ,USA,T36807D50
SYDNEY2K_SAV,Sydney 2000,T36808D 03,Australia,T36808D03
SYDNEY2K_SAV,Sydney 2000,T36808D 05,Europe,T36808D03
SYDNEY2K_SAV,Sydney 2000,T36808D 09,France,T36808D03
SYDNEY2K_SAV,Sydney 2000,T36808D 18,Germany,T36808D03
SYDNEY2K_SAV,Sydney 2000,T36808D 13,Italy,T36808D03
SYDNEY2K_SAV,Sydney 2000,T1237M    ,Japan,T36808D03
SYDNEY2K_SAV,Sydney 2000,T36808D 06,Spain,T36808D03
SYDNEY2K_SAV,Sydney 2000,T36808N   ,USA,T36808D03
TANTEIDSH000,Tantei Shinshi Dash!,T44401M   ,Japan,T44403M
ROMANCER_DAT,Tech Romancer,T7009D50  ,Europe,T7009D50
ROMANCER_DAT,Tech Romancer,T1208N    ,USA,T7009D50
TEE_OFF_.SYS,Tee Off,T8108D  50,Europe,T40901M
TEE_OFF_.SYS,Tee Off,T8108N    ,USA,T40901M
TESTDRIV6_00,Test Drive 6,T15102N   ,USA,T15102N
NEXTTETRIS??,The Next Tetris,T17717D 50,Europe,T17717D50
NEXTTETRIS??,The Next Tetris: On-Line Edition,T40214N   ,USA,T17717D50
SEGATETRIS??,Sega Tetris,HDR-0073  ,Japan,HDR0073
RINGFILE.???,The Ring,T27902M   ,Japan,
RINGFILE.???,The Ring: Terror's Realm,T15122N   ,USA,
TIME_STK.???,Time Stalkers,MK-5101153,Europe,MK5101150
TIME_STK.???,Time Stalkers,MK-51011  ,USA,MK5101150
SHUTOKOUB???,Shutokou Battle,T30801M   ,Japan,T30801M
SHUTOKOUB???,Tokyo Xtreme Racer,T40202N   ,USA,T40202N
SHUTOKOU2???,Shutokou Battle 2,T30803M   ,Japan,T30803M
TXRACER02???,Tokyo Xtreme Racer 2,T40211N   ,USA,T40211N
TOKYOBUS.001,Tokyo Bus Guide,T35402M   ,Japan,T35402M
TOMBRAID.???,Tomb Raider IV: The Last Revelation,T1233M    ,Japan,T36804D
TOMBRAID.???,Tomb Raider: The Last Revelation,T36804D05 ,Europe,T36804D
TOMBRAID.???,Tomb Raider: The Last Revelation,T-36806N  ,USA,T36804D
TOMBCHRN.???,Tomb Raider Chronicles,T36815D05 ,Europe,T36815D05
TOMBCHRN.???,Tomb Raider Chronicles,T36815D06 ,Spain,T36815D05
TOMBCHRN.???,Tomb Raider Chronicles,T36812N   ,USA,T36815D05
TOMBCHRN.???,Tomb Raider Chronicles: La Leggenda di Lara Croft,T36815D13 ,Italy,T36815D05
TOMBCHRN.???,Tomb Raider: Die Chronik,T36815D18 ,Germany,T36815D05
TOMBCHRN.???,Tomb Raider: Sur les Traces de Lara Croft,T36815D09 ,France,T36815D05
TONYHAWK.???,Tony Hawk's Pro Skater,T40205N   ,USA,T40205N
TONYHAWK.???,Tony Hawk's Skateboarding,T40204D 50,Europe,T40205N
TONYHWK2.???,Tony Hawk's Pro Skater 2,T13008D 05,Europe,T13008D05
TONYHWK2.???,Tony Hawk's Pro Skater 2,T13008D 18,Germany,T13008D05
TONYHWK2.???,Tony Hawk's Pro Skater 2,T13006N   ,USA,T13008D05
TOY_COMM.???,Toy Commander,MK-5102050,Europe,MK5102050
TOY_COMM.???,Toy Commander,MK-57020  ,USA,MK5102050
TOYS2DAT.???,Disney/Pixar Toy Story 2: Buzz l'Eclair à la Rescousse !,T13003D 09,France,T13003D09
TOYS2DAT.???,Disney/Pixar Toy Story 2: Buzz Lightyear eilt zur Hilfe!,T13003D 18,Germany,T13003D09
TOYS2DAT.???,Disney/Pixar Toy Story 2: Buzz Lightyear to the Rescue!,T13003D 05,Europe,T13003D09
TOYS2DAT.???,Disney/Pixar Toy Story 2: Buzz Lightyear to the Rescue!,T13003N   ,USA,T13003D09
TRICKSTY.???,TrickStyle,T-8101D-50,Europe,T8101D18
TRICKSTY.???,TrickStyle,T-8102N   ,USA,T8101D18
TRI_CRI__???,Tricolore Crise,T9104M    ,Japan,
KONOHANA.DAT,Konohana: True Report,T9905M    ,Japan,T9905M
21TWOONE.SYS,21: Two One,T46503M   ,Japan,
TOD_DC__.SYS,The Typing of the Dead,HDR-0067  ,Japan,
TOD_DC_E.SYS,The Typing of the Dead,MK-51144  ,USA,
ULTIMATE.???,Ultimate Fighting Championship,T40203D 50,Europe,T40203D50
ULTIMATE.???,Ultimate Fighting Championship,T1241M    ,Japan,T40203D50
ULTIMATE.???,Ultimate Fighting Championship,T40204N   ,USA,T40203D50
UNREALTO.SYS,Unreal Tournament,T15113D 50,Europe,T15113D50
UNREALTO.SYS,Unreal Tournament,T15125N   ,USA,T15113D50
UR_CHAOS.???,Urban Chaos,T36810D 50,Europe,
UR_CHAOS.???,Urban Chaos,T36810N   ,USA,
VNISHNPT.SYS,Vanishing Point,T-8110D-50,Europe,T8110D50
VNISHNPT.SYS,Vanishing Point,T-8110N   ,USA,T8110D50
VERMILION_??,Vermilion Desert,T5302M    ,Japan,T5302M
VF3TB0000000,Virtua Fighter 3tb,MK-5100150,Europe,
VF3TB0000000,Virtua Fighter 3tb,HDR-0002  ,Japan,
VF3TB0000000,Virtua Fighter 3tb,MK-51001  ,USA,
V8SECOND.???,Vigilante 8: 2nd Battle,T36501M   ,Japan,T13002D50
V8SECOND.???,Vigilante 8: 2nd Offense,T13002D   ,Europe,T13002D50
V8SECOND.???,Vigilante 8: 2nd Offense,T13002N   ,USA,T13002D50
V_ATHL2K.???,Virtua Athlete 2000,T44301N   ,USA,MK5109450
V_ATHL2K.???,Virtua Athlete 2K,MK-5109450,Europe,MK5109450
V_ATHL2K.???,Virtua Athlete 2K,HDR-0081  ,Japan,MK5109450
VIRTUA_COP_2,Virtua Cop 2,HDR-0061  ,Japan,HDR0061
VOORATAN.???,Cyber Troopers: Virtual-On: Oratorio Tangram,T13004N   ,USA,T13004N
VOORATAN.???,Dennou Senki: Virtual-On: Oratorio Tangram,HDR-0040  ,Japan,T13004N
VS2_DATA_???,Virtua Striker 2,MK-51028  ,USA,MK51028
VS2_DATA_???,Virtua Striker 2 Ver. 2000.1,MK-5102850,Europe,MK51028
VS2_DATA_???,Virtua Striker 2 Ver. 2000.1,HDR-0045  ,Japan,MK51028
POWER_SMASH.,Power Smash: Sega Professional Tennis,HDR-0113  ,Japan,HDR0113
VIRTUATENNIS,Virtua Tennis,MK-51054  ,USA,MK51054
VIRTUATENNIS,Virtua Tennis: Sega Professional Tennis,MK-5105450,Europe,MK51054
POWER_SMASH2,Power Smash 2: Sega Professional Tennis,HDR-0177  ,Japan,HDR0177
TENNIS_2K2__,Tennis 2K2,MK-51186  ,USA,MK51186
V_TENNIS2___,Virtua Tennis 2: Sega Professional Tennis,MK-5118650,Europe,MK5118650
TDVRALLY_???,Test Drive V-Rally,T15110N   ,USA,T15110N
_VRALLY2_???,V-Rally 2: Expert Edition,T15105D 50,Europe,T15110N
WACKYRUS.???,Wacky Races,T15106D   ,Europe,T15106D50
WACKYRUS.???,Wacky Races,T15113N   ,USA,T15106D50
WETRIXPLS_HS,Wetrix+,T40504D 50,Europe,T40504D50
WETRIXPLS_HS,Wetrix+,T8111N    ,USA,T40504D50
WMETAL__.???,Wild Metal,T40501D-50,Europe,T40501D50
WMETAL__.???,Wild Metal,T42101N 00,USA,T40501D50
ARMAGEDDONDC,Worms Armageddon,T40601D 50,Europe,830008450
ARMAGEDDONDC,Worms Armageddon,T40601N   ,USA,830008450
WWP_DC_SAVE.,Worms World Party,T7016D  50,Europe,830008450
WWP_DC_SAVE.,Worms World Party,T22904N   ,USA,830008450
WWFATUDE.???,WWF Attitude,T-8103N-50,Europe,T8103D50
WWFATUDE.???,WWF Attitude,T-8103N-18,Germany,T8103D50
WWFATUDE.???,WWF Attitude,T-8103N   ,USA,T8103D50
ROYAL_RUMBLE,WWF Royal Rumble,T10003D 50,Europe,T10003D
ROYAL_RUMBLE,WWF Royal Rumble,T45101M   ,Japan,T10003D
ROYAL_RUMBLE,WWF Royal Rumble,T10005N   ,USA,T10003D
EXTREMES.SYS,Sega Extreme Sports,MK-5108150,Europe,MK5108150
EXTREMES.SYS,Sega Extreme Sports,HDR-0146  ,Japan,MK5108150
XTREMESP.SYS,Xtreme Sports,T15126N   ,USA,T15126N
ZEROGNR2.SYS,Zero Gunner 2,T20401M   ,Japan,T20401M
ZOMBIE_U_???,Zombie Revenge,MK-5103850,Europe,
ZOMBIE_U_???,Zombie Revenge,HDR-0026  ,Japan,
ZOMBIE_U_???,Zombie Revenge,MK-51038  ,USA,
ZUSARVASAR00,Zusar Vasar,T43301M   ,Japan,T43301M
VS.SNKMF_???,Capcom vs. SNK,T7017D  50,Europe,T7017D50
VS.SNKMF_???,Capcom vs. SNK,T1218N    ,USA,T7017D50
CAPVSSNK_???,Capcom vs. SNK: Millennium Fight 2000,T1217M    ,Japan,T7017D50
CVS.S2___???,Capcom vs. SNK 2: Millionaire Fighting 2001,T1249M    ,Japan,T1249M
U_DEFEAT.???,Under Defeat,T46705M   ,Japan,T46704M
VAMPIRE_.???,Vampire Chronicle,T1235M    ,Japan,T1235M
PSY2DATA.RNK,Psyvariar 2: The Will to Fabricate,T9907M    ,Japan,
HALFLIFE.???,Half-Life,T11001N,USA,
